,START,END
0,2024-12-11 11:58:34.318553,2024-12-11 11:58:34.894471
1,2024-12-11 11:58:35.759838,2024-12-11 11:58:36.126675
2,2024-12-11 11:58:36.670903,2024-12-11 11:58:37.005001
3,2024-12-11 11:58:37.501630,2024-12-11 11:58:37.838900
4,2024-12-11 11:58:38.703168,2024-12-11 11:58:38.733883
5,2024-12-11 11:58:38.881487,2024-12-11 11:58:39.151196
6,2024-12-11 11:58:39.519634,2024-12-11 11:58:39.712341
7,2024-12-11 11:58:39.741152,2024-12-11 11:58:39.780135
8,2024-12-11 11:58:39.810703,2024-12-11 11:58:39.837950
9,2024-12-11 11:58:40.141306,2024-12-11 11:58:40.317919
10,2024-12-11 11:58:40.447865,2024-12-11 11:58:40.511486
11,2024-12-11 11:58:40.753463,2024-12-11 11:58:41.022495
12,2024-12-11 11:58:41.154302,2024-12-11 11:58:41.184756
13,2024-12-11 11:58:42.283749,2024-12-11 11:58:43.901971
14,2024-12-11 11:58:46.174302,2024-12-11 11:58:48.900400
15,2024-12-11 11:58:53.341744,2024-12-11 11:58:54.258589
16,2024-12-11 11:58:55.295431,2024-12-11 11:58:56.095911
17,2024-12-11 11:58:57.006559,2024-12-11 11:59:01.922517
18,2024-12-11 11:59:03.105095,2024-12-11 11:59:04.097742
19,2024-12-11 11:59:04.972388,2024-12-11 11:59:05.838786
20,2024-12-11 11:59:09.294218,2024-12-11 11:59:49.936686
21,2024-12-11 11:59:50.434050,2024-12-11 11:59:50.911168
22,2024-12-11 11:59:51.377162,2024-12-11 11:59:51.439709
23,2024-12-11 11:59:51.504026,2024-12-11 11:59:51.837574
24,2024-12-11 12:00:14.386453,2024-12-11 12:00:16.131395
